{"cameraMode":{"drawMode":0,"name":"Shaded","section":"Shading Mode"},"sceneLighting":true,"audioPlay":false,"sceneViewState":{"showFog":true,"showMaterialUpdate":false,"showSkybox":true,"showFlares":true,"showImageEffects":true,"showParticleSystems":true},"in2DMode":false,"pivot":{"x":11.076108932495118,"y":-0.49314141273498537,"z":23.23680877685547},"rotation":{"x":0.04423040896654129,"y":-0.9476555585861206,"z":0.15080435574054719,"w":0.2779400646686554},"size":13.249579429626465,"orthographic":false}